type,id,name,nhsNumber,firstName,lastName,fullName,middleNames,namePrefix,nameSuffix,address_line_1,address_line_2,address_line_3,address_line_4,address_line_5,address_line_6,address_line_7
short,short-1,Jo Bloggs,9728543751,Jo,Bloggs,Jo Bloggs,,,Jo Bloggs,1 High Street,Leeds,West Yorkshire,LS1 1AA,,
short,short-2,Mr John Smith,9728543752,John,Smith,Mr John Smith,,Mr,,Mr John Smith,2 Oak Road,London,SW1A 1AA,,,
short,short-3,Ms Sarah Jones,9728543753,Sarah,Jones,Ms Sarah Jones,,Ms,,Ms Sarah Jones,3 Park Lane,Manchester,M1 1AA,,,
short,short-4,Dr Li Wei,9728543754,Li,Wei,Dr Li Wei,,Dr,,Dr Li Wei,4 Queen Street,Birmingham,B1 1AA,,,
short,short-5,Mrs Mary Brown,9728543755,Mary,Brown,Mrs Mary Brown,,Mrs,,Mrs Mary Brown,5 King Road,Bristol,BS1 1AA,,,
short,short-6,Rev Mia Dao,9728543756,Mia,Dao,Rev Mia Dao,,Rev,,Rev Mia Dao,6 Church Lane,Oxford,OX1 1AA,,,
short,short-7,Miss Lucy Taylor,9728543757,Lucy,Taylor,Miss Lucy Taylor,,Miss,,Miss Lucy Taylor,7 Mill Road,Cambridge,CB1 1AA,,,
short,short-8,Mx Alex Chen,9728543758,Alex,Chen,Mx Alex Chen,,Mx,,Mx Alex Chen,8 Bridge Street,York,YO1 1AA,,,
short,short-9,Prof Ola Fye,9728543759,Ola,Fye,Prof Ola Fye,,Prof,,Prof Ola Fye,9 Castle Road,Durham,DH1 1AA,,,
short,short-10,Dr James Patel,9728543760,James,Patel,Dr James Patel,,Dr,,Dr James Patel,10 Abbey Lane,Bath,BA1 1AA,,,
short,short-11,Ms Claire Davies,9728543761,Claire,Davies,Ms Claire Davies,,Ms,,Ms Claire Davies,11 Harbour View,Plymouth,PL1 1AA,,,
long,long-1,Mr Michael James Richardson-Clarke,9728543771,Michael,Richardson-Clarke,Mr Michael James Richardson-Clarke,James,Mr,,Mr Michael James Richardson-Clarke,Apartment 42B The Granary Building,Wellington Place Business Park,Leeds,West Yorkshire,LS1 4AP,
long,long-2,Dr Elizabeth Anne Thompson,9728543772,Elizabeth,Thompson,Dr Elizabeth Anne Thompson,Anne,Dr,,Dr Elizabeth Anne Thompson,The Old Rectory Church Lane,Little Snoring-on-the-Wold,Gloucestershire,GL54 1AA,,
long,long-3,Dame Catherine Elizabeth Montgomery,9728543773,Catherine,Montgomery,Dame Catherine Elizabeth Montgomery,Elizabeth,Dame,DBE,Dame Catherine E Montgomery DBE,Flat 15 Kensington Court Apartments,Kensington High Street,Royal Borough of Kensington and Chelsea,London,W8 5NP,
long,long-4,Mr Rajesh Kumar Chandrasekaran,9728543774,Rajesh,Chandrasekaran,Mr Rajesh Kumar Chandrasekaran,Kumar,Mr,,Mr Rajesh Kumar Chandrasekaran,14 Victoria Gardens,Westbourne-on-Sea,East Sussex,BN11 1AA,,
long,long-5,Ms Aminatou Diallo Kouyaté,9728543775,Aminatou,Diallo Kouyaté,Ms Aminatou Diallo Kouyaté,,Ms,,Ms Aminatou Diallo Kouyaté,25 Riverside Tower,Victoria Embankment Gardens,City of Westminster,London,SW1A 2AA,
long,long-6,Sir William Alexander Fitzgerald,9728543776,William,Fitzgerald,Sir William Alexander Fitzgerald,Alexander,Sir,KBE,Sir William Alexander Fitzgerald KBE,Harbour Masters Cottage,The Old Dockyard Portsmouth,Hampshire,PO1 3LJ,,
long,long-7,Dr Priya Sharma-Williamson,9728543777,Priya,Sharma-Williamson,Dr Priya Sharma-Williamson,,Dr,,Dr Priya Sharma-Williamson,The Grange Willowbrook Lane,Upper Slaughter-on-Thames,Oxfordshire,OX18 4AA,,
long,long-8,Rev Emmanuel Kwabena Adomako,9728543778,Emmanuel,Adomako,Rev Emmanuel Kwabena Adomako,Kwabena,Rev,,Rev Emmanuel Kwabena Adomako,Thornfield Manor Estate Office,Cholmondeley Park Gardens,Cheshire,CW6 9AA,,
long,long-9,Prof Franziska Vogel-Bernhardt,9728543779,Franziska,Vogel-Bernhardt,Prof Franziska Vogel-Bernhardt,,Prof,,Prof Franziska Vogel-Bernhardt,Institute of Advanced Studies,University Boulevard Newcastle,Tyne and Wear,NE1 7RU,,
long,long-10,Mrs Margaret Anne O'Sullivan,9728543780,Margaret,O'Sullivan,Mrs Margaret Anne O'Sullivan,Anne,Mrs,,Mrs Margaret Anne O'Sullivan,St Christophers Presbytery,Cathedral Close Salisbury,Wiltshire,SP1 2EF,,
long,long-11,Dr Christopher James Harrington,9728543781,Christopher,Harrington,Dr Christopher James Harrington,James,Dr,,Dr Christopher James Harrington,Meadowbank Surgery Greenfields,Little Hampton-in-the-Vale,Northamptonshire,NN12 8AA,,
